{"IcoMoonType":"selection","icons":[{"icon":{"paths":["M585.143 512c0-80.571-65.714-146.286-146.286-146.286s-146.286 65.714-146.286 146.286 65.714 146.286 146.286 146.286 146.286-65.714 146.286-146.286zM877.714 449.714v126.857c0 8.571-6.857 18.857-16 20.571l-105.714 16c-6.286 18.286-13.143 35.429-22.286 52 19.429 28 40 53.143 61.143 78.857 3.429 4 5.714 9.143 5.714 14.286s-1.714 9.143-5.143 13.143c-13.714 18.286-90.857 102.286-110.286 102.286-5.143 0-10.286-2.286-14.857-5.143l-78.857-61.714c-16.571 8.571-34.286 16-52 21.714-4 34.857-7.429 72-16.571 106.286-2.286 9.143-10.286 16-20.571 16h-126.857c-10.286 0-19.429-7.429-20.571-17.143l-16-105.143c-17.714-5.714-34.857-12.571-51.429-21.143l-80.571 61.143c-4 3.429-9.143 5.143-14.286 5.143s-10.286-2.286-14.286-6.286c-30.286-27.429-70.286-62.857-94.286-96-2.857-4-4-8.571-4-13.143 0-5.143 1.714-9.143 4.571-13.143 19.429-26.286 40.571-51.429 60-78.286-9.714-18.286-17.714-37.143-23.429-56.571l-104.571-15.429c-9.714-1.714-16.571-10.857-16.571-20.571v-126.857c0-8.571 6.857-18.857 15.429-20.571l106.286-16c5.714-18.286 13.143-35.429 22.286-52.571-19.429-27.429-40-53.143-61.143-78.857-3.429-4-5.714-8.571-5.714-13.714s2.286-9.143 5.143-13.143c13.714-18.857 90.857-102.286 110.286-102.286 5.143 0 10.286 2.286 14.857 5.714l78.857 61.143c16.571-8.571 34.286-16 52-21.714 4-34.857 7.429-72 16.571-106.286 2.286-9.143 10.286-16 20.571-16h126.857c10.286 0 19.429 7.429 20.571 17.143l16 105.143c17.714 5.714 34.857 12.571 51.429 21.143l81.143-61.143c3.429-3.429 8.571-5.143 13.714-5.143s10.286 2.286 14.286 5.714c30.286 28 70.286 63.429 94.286 97.143 2.857 3.429 4 8 4 12.571 0 5.143-1.714 9.143-4.571 13.143-19.429 26.286-40.571 51.429-60 78.286 9.714 18.286 17.714 37.143 23.429 56l104.571 16c9.714 1.714 16.571 10.857 16.571 20.571z"],"width":877.7142857142857,"attrs":[],"isMulticolor":false,"isMulticolor2":false,"tags":["cog","gear"],"defaultCode":61459,"grid":14},"attrs":[],"properties":{"name":"cog, gear","id":22,"order":9,"prevSize":28,"code":61459},"setIdx":2,"setId":2,"iconIdx":22},{"icon":{"paths":["M438.857 365.714c0-80.571-65.714-146.286-146.286-146.286s-146.286 65.714-146.286 146.286 65.714 146.286 146.286 146.286 146.286-65.714 146.286-146.286zM585.143 365.714c0 34.857-4 70.857-18.857 102.286l-208 442.286c-12 25.143-38.286 40.571-65.714 40.571s-53.714-15.429-65.143-40.571l-208.571-442.286c-14.857-31.429-18.857-67.429-18.857-102.286 0-161.714 130.857-292.571 292.571-292.571s292.571 130.857 292.571 292.571z"],"width":585.1428571428571,"attrs":[],"isMulticolor":false,"isMulticolor2":false,"tags":["map-marker"],"defaultCode":61505,"grid":14},"attrs":[],"properties":{"name":"map-marker","id":65,"order":4,"prevSize":28,"code":61505},"setIdx":2,"setId":2,"iconIdx":65},{"icon":{"paths":["M804.571 438.857c0 161.714-180 292.571-402.286 292.571-34.857 0-68.571-3.429-100.571-9.143-47.429 33.714-101.143 58.286-158.857 73.143-15.429 4-32 6.857-49.143 9.143h-1.714c-8.571 0-16.571-6.857-18.286-16.571v0c-2.286-10.857 5.143-17.714 11.429-25.143 22.286-25.143 47.429-47.429 66.857-94.857-92.571-53.714-152-136.571-152-229.143 0-161.714 180-292.571 402.286-292.571s402.286 130.857 402.286 292.571zM1024 585.143c0 93.143-59.429 175.429-152 229.143 19.429 47.429 44.571 69.714 66.857 94.857 6.286 7.429 13.714 14.286 11.429 25.143v0c-2.286 10.286-10.857 17.714-20 16.571-17.143-2.286-33.714-5.143-49.143-9.143-57.714-14.857-111.429-39.429-158.857-73.143-32 5.714-65.714 9.143-100.571 9.143-103.429 0-198.286-28.571-269.714-75.429 16.571 1.143 33.714 2.286 50.286 2.286 122.857 0 238.857-35.429 327.429-99.429 95.429-69.714 148-164 148-266.286 0-29.714-4.571-58.857-13.143-86.857 96.571 53.143 159.429 137.714 159.429 233.143z"],"width":1024,"attrs":[],"isMulticolor":false,"isMulticolor2":false,"tags":["comments"],"defaultCode":61574,"grid":14},"attrs":[],"properties":{"name":"comments","id":127,"order":2,"prevSize":28,"code":61574},"setIdx":2,"setId":2,"iconIdx":127},{"icon":{"paths":["M804.571 708.571c0 20.571-9.143 60.571-17.714 79.429-12 28-44 46.286-69.714 60.571-33.714 18.286-68 29.143-106.286 29.143-53.143 0-101.143-21.714-149.714-39.429-34.857-12.571-68.571-28-100-47.429-97.143-60-214.286-177.143-274.286-274.286-19.429-31.429-34.857-65.143-47.429-100-17.714-48.571-39.429-96.571-39.429-149.714 0-38.286 10.857-72.571 29.143-106.286 14.286-25.714 32.571-57.714 60.571-69.714 18.857-8.571 58.857-17.714 79.429-17.714 4 0 8 0 12 1.714 12 4 24.571 32 30.286 43.429 18.286 32.571 36 65.714 54.857 97.714 9.143 14.857 26.286 33.143 26.286 50.857 0 34.857-103.429 85.714-103.429 116.571 0 15.429 14.286 35.429 22.286 49.143 57.714 104 129.714 176 233.714 233.714 13.714 8 33.714 22.286 49.143 22.286 30.857 0 81.714-103.429 116.571-103.429 17.714 0 36 17.143 50.857 26.286 32 18.857 65.143 36.571 97.714 54.857 11.429 5.714 39.429 18.286 43.429 30.286 1.714 4 1.714 8 1.714 12z"],"width":804.5714285714286,"attrs":[],"isMulticolor":false,"isMulticolor2":false,"tags":["phone"],"defaultCode":61589,"grid":14},"attrs":[],"properties":{"name":"phone","id":141,"order":6,"prevSize":28,"code":61589},"setIdx":2,"setId":2,"iconIdx":141},{"icon":{"paths":["M925.714 233.143c-25.143 36.571-56.571 69.143-92.571 95.429 0.571 8 0.571 16 0.571 24 0 244-185.714 525.143-525.143 525.143-104.571 0-201.714-30.286-283.429-82.857 14.857 1.714 29.143 2.286 44.571 2.286 86.286 0 165.714-29.143 229.143-78.857-81.143-1.714-149.143-54.857-172.571-128 11.429 1.714 22.857 2.857 34.857 2.857 16.571 0 33.143-2.286 48.571-6.286-84.571-17.143-148-91.429-148-181.143v-2.286c24.571 13.714 53.143 22.286 83.429 23.429-49.714-33.143-82.286-89.714-82.286-153.714 0-34.286 9.143-65.714 25.143-93.143 90.857 112 227.429 185.143 380.571 193.143-2.857-13.714-4.571-28-4.571-42.286 0-101.714 82.286-184.571 184.571-184.571 53.143 0 101.143 22.286 134.857 58.286 41.714-8 81.714-23.429 117.143-44.571-13.714 42.857-42.857 78.857-81.143 101.714 37.143-4 73.143-14.286 106.286-28.571z"],"width":950.8571428571428,"attrs":[],"isMulticolor":false,"isMulticolor2":false,"tags":["twitter"],"defaultCode":61593,"grid":14},"attrs":[],"properties":{"name":"twitter","id":145,"order":3,"prevSize":28,"code":61593},"setIdx":2,"setId":2,"iconIdx":145},{"icon":{"paths":["M548 6.857v150.857h-89.714c-70.286 0-83.429 33.714-83.429 82.286v108h167.429l-22.286 169.143h-145.143v433.714h-174.857v-433.714h-145.714v-169.143h145.714v-124.571c0-144.571 88.571-223.429 217.714-223.429 61.714 0 114.857 4.571 130.286 6.857z"],"width":602.2582857142856,"attrs":[],"isMulticolor":false,"isMulticolor2":false,"tags":["facebook","facebook-f"],"defaultCode":61594,"grid":14},"attrs":[],"properties":{"name":"facebook, facebook-f","id":146,"order":7,"prevSize":28,"code":61594},"setIdx":2,"setId":2,"iconIdx":146},{"icon":{"paths":["M1024 405.714v453.714c0 50.286-41.143 91.429-91.429 91.429h-841.143c-50.286 0-91.429-41.143-91.429-91.429v-453.714c17.143 18.857 36.571 35.429 57.714 49.714 94.857 64.571 190.857 129.143 284 197.143 48 35.429 107.429 78.857 169.714 78.857h1.143c62.286 0 121.714-43.429 169.714-78.857 93.143-67.429 189.143-132.571 284.571-197.143 20.571-14.286 40-30.857 57.143-49.714zM1024 237.714c0 64-47.429 121.714-97.714 156.571-89.143 61.714-178.857 123.429-267.429 185.714-37.143 25.714-100 78.286-146.286 78.286h-1.143c-46.286 0-109.143-52.571-146.286-78.286-88.571-62.286-178.286-124-266.857-185.714-40.571-27.429-98.286-92-98.286-144 0-56 30.286-104 91.429-104h841.143c49.714 0 91.429 41.143 91.429 91.429z"],"width":1024,"attrs":[],"isMulticolor":false,"isMulticolor2":false,"tags":["envelope"],"defaultCode":61664,"grid":14},"attrs":[],"properties":{"name":"envelope","id":199,"order":5,"prevSize":28,"code":61664},"setIdx":2,"setId":2,